{
  "LIGAND_ID": "CmpdCT00670288",
  "SMILES": "CC(C)N1CCN(CC1)C(=O)NC2C(C)CC(=O)N(C2)C(=O)C3=CC=C(C(C)C)C=C3C(=O)NC4=C(C=CC(=C4)C)C(=O)N(C)C",
  "true_IC50_uM": 0.62,
  "true_log10_IC50": -0.2076083105017461,
  "predicted_log10_IC50": -0.4942823563933332,
  "predicted_IC50_uM": 0.32041854472048886,
  "binder_probability": 3.1209082481916877e-06,
  "error_log10": -0.28667404589158707,
  "error_fold": 1.934969152740037
}