{
  "LIGAND_ID": "CmpdCT00670279",
  "SMILES": "CC(C)N1CCN(CC1)C(=O)NC2C(C)CC(=O)N(C2)C(=O)C3=CC=C(CC)C=C3C(=O)NC4=C(C=CC(=C4)C)C(=O)N(C)C",
  "true_IC50_uM": 0.025,
  "true_log10_IC50": -1.6020599913279623,
  "predicted_log10_IC50": -1.673458161214793,
  "predicted_IC50_uM": 0.021210057153457945,
  "binder_probability": 4.7145222077579196e-05,
  "error_log10": -0.07139816988683059,
  "error_fold": 1.1786861213584316
}