{
  "LIGAND_ID": "CmpdCT00670280",
  "SMILES": "CC(C)N1CCN(CC1)C(=O)NC2C(C)CC(=O)N(C2)C(=O)C3=CC=C(COC)C=C3C(=O)NC4=C(C=CC(=C4)C)C(=O)N(C)C",
  "true_IC50_uM": 0.038,
  "true_log10_IC50": -1.4202164033831899,
  "predicted_log10_IC50": -1.3168178809726072,
  "predicted_IC50_uM": 0.048214994219227064,
  "binder_probability": 2.0740005804987226e-05,
  "error_log10": 0.10339852241058264,
  "error_fold": 0.78813656654648
}